platform,model,annotation.topic,annotation.persona,annotation.authenticity
Reddit,gpt-3.5-turbo,4.82051282051282,4.217948717948718,3.8461538461538463
Reddit,Mistral-7B-Instruct,4.858974358974359,3.769230769230769,3.5384615384615383
Twitter,gpt-3.5-turbo,4.68,4.066666666666666,3.4
Twitter,Mistral-7B-Instruct,4.855072463768116,4.159420289855072,3.652173913043478
