,,gpt-3.5-turbo,Mistral-7B-Instruct
annotation.topic,mean,4.751633986928105,4.857142857142857
annotation.topic,std,0.7546439187460847,0.5613096232478871
annotation.persona,mean,4.143790849673203,3.9523809523809526
annotation.persona,std,1.0663408945251858,1.1000207553043972
annotation.authenticity,mean,3.627450980392157,3.5918367346938775
annotation.authenticity,std,1.1406505123530473,1.2317439582321155
