epoch,duration,f1_test,f1_train,last_is_best,loss_test,loss_train,max_record_id
1,0 days 00:00:00.000006,0.7248353193521672,0.7190442796784285,False,0.5431943389963596,0.5568501830725145,2
2,0 days 00:00:00.000008,0.7265787806152914,0.7368216958343384,False,0.5325072287245,0.5242344367254467,2
3,0 days 00:00:00.000007,0.7393976525555749,0.7463915840320046,False,0.5308433916974575,0.5065409377295309,2
4,0 days 00:00:00.000006,0.7317814768351858,0.7632501205748471,False,0.5146859015556092,0.49056098754493355,2
5,0 days 00:00:00.000003,0.7392640241821896,0.7617634759501438,False,0.5022986531257629,0.48390038030621896,2
