,precision,recall,f1-score,support
healthcare,0.9888268156424581,0.9711934156378601,0.9799307958477509,729.0
ukraine,0.9733502538071066,0.9896774193548387,0.981445937300064,775.0
macro avg,0.9810885347247824,0.9804354174963494,0.9806883665739075,1504.0
weighted avg,0.9808518585796938,0.980718085106383,0.9807115369551596,1504.0
