epoch,duration,f1_test,f1_train,last_is_best,loss_test,loss_train,max_record_id
1,0 days 00:00:00.000005,0.9413751577336134,0.9172121305313252,True,0.11336957782189896,0.19283315684665872,4
2,0 days 00:00:00.000005,0.9514383227290756,0.9538612565445026,True,0.10951838192549791,0.10792168481909324,4
3,0 days 00:00:00.000005,0.9707258238313546,0.9672773923074344,True,0.07904624760626479,0.08564077740710677,4
4,0 days 00:00:00.000005,0.9780634883275706,0.9635144125561328,True,0.07294458818641748,0.08636042568466934,4
5,0 days 00:00:00.000005,0.9807115369551596,0.9739856264676019,True,0.055053100802321384,0.06902248743270568,4
