epoch,duration,f1_test,f1_train,last_is_best,loss_test,loss_train,max_record_id
1,0 days 00:00:00.000005,0.7571306835260535,0.7538727359471129,True,0.5490886955819232,0.5739453547287986,4
2,0 days 00:00:00.000004,0.7374522614931406,0.7779722810402911,True,0.5443060581988477,0.5231121287764054,4
3,0 days 00:00:00.000002,0.7903974046179879,0.7823384518731493,True,0.5060667338523459,0.5201165710444225,4
4,0 days 00:00:00.000005,0.7834077602598659,0.7913872451284139,True,0.5075873402839012,0.5012662530101407,4
5,0 days 00:00:00.000003,0.7956599285531007,0.786687806575981,True,0.48069797487969096,0.5022571900596169,4
