,precision,recall,f1-score,support
Dutch,0.8927680798004988,0.7291242362525459,0.8026905829596412,491.0
English,0.6736111111111112,0.939922480620155,0.7847896440129449,516.0
German,0.9190600522193212,0.7082494969818913,0.8,497.0
macro avg,0.8284797477103104,0.792432071284864,0.7958267423241955,1504.0
weighted avg,0.8262668261092958,0.7945478723404256,0.7956599285531006,1504.0
