epoch,duration,f1_test,f1_train,last_is_best,loss_test,loss_train,max_record_id
1,0 days 00:00:00.000004,0.29411764705882354,0.17552279709537774,False,1.3334533373514812,1.4473153910329264,3
2,0 days 00:00:00.000004,0.3106060606060606,0.17466759162909007,False,1.359138051668803,1.3953260837062713,3
3,0 days 00:00:00.000004,0.35294117647058826,0.2611901648191971,False,1.3154140710830688,1.3613163078984907,3
4,0 days 00:00:00.000004,0.4130952380952381,0.17859493208088417,False,1.335498054822286,1.3504247415450312,3
5,0 days 00:00:00.000004,0.3333333333333333,0.3420852760606764,False,1.2266454696655273,1.3410625457763672,3
