,precision,recall,f1-score,support
alt_right,1.0,0.25,0.4,4.0
liberal,0.25,0.3333333333333333,0.2857142857142857,3.0
neutral,0.42857142857142855,0.6,0.5,5.0
macro avg,0.5595238095238095,0.3944444444444444,0.3952380952380952,12.0
weighted avg,0.5744047619047619,0.4166666666666667,0.4130952380952381,12.0
