epoch,duration,f1_test,f1_train,last_is_best,loss_test,loss_train,max_record_id
1,0 days 00:00:00.000006,0.27688725230143035,0.3153727234205029,True,1.3447123563036005,1.3625857280811091,4
2,0 days 00:00:00.000004,0.342064932600326,0.35656229360672986,True,1.318621759719037,1.3171431275562466,4
3,0 days 00:00:00.000005,0.3549084773637695,0.377696928058199,True,1.2768984703307455,1.2914540293329049,4
4,0 days 00:00:00.000007,0.35972418893757635,0.39252384546481767,True,1.2816334531662312,1.2789553878195,4
5,0 days 00:00:00.000004,0.36994840006705526,0.411680521337008,True,1.2732655469407426,1.2548886088176547,4
