,precision,recall,f1-score,support
alt_right,0.568904593639576,0.40350877192982454,0.47214076246334313,399.0
conservative,0.3048780487804878,0.1362397820163488,0.18832391713747645,367.0
liberal,0.396875,0.327319587628866,0.3587570621468927,388.0
neutral,0.33649932157394846,0.7085714285714285,0.4563017479300828,350.0
macro avg,0.40178924099850305,0.3939098925366169,0.3688808724194488,1504.0
weighted avg,0.4060142548640371,0.3896276595744681,0.36994840006705526,1504.0
