,precision,recall,f1-score,support
llama2:70b-chat-q6_K,0.7135483870967742,0.7648686030428768,0.7383177570093458,723.0
mixtral:8x7b-instruct-v0.1-q6_K,0.766803840877915,0.7157490396927016,0.7403973509933774,781.0
macro avg,0.7401761139873446,0.7403088213677893,0.7393575540013616,1504.0
weighted avg,0.7412029811147735,0.7393617021276596,0.7393976525555749,1504.0
